province,wolves,abbreviation,site
One,5000,one,https://twitter.com/mariepastora
Two,5000,two,https://www.wikipedia.org/
Three,5000,three,https://www.reddit.com/r/dataisbeautiful/
Four,8500,four,https://www.nytimes.com/
Five,4200,five,https://news.ycombinator.com/
Six,4300,six,https://www.lemonde.fr/
Seven,5000,seven,https://www.bloomberg.com/graphics
Eight,9000,eight,https://www.washingtonpost.com/
Nine,5000,nine,https://www.youtube.com/
Ten,2000,ten,https://www.google.com/
Eleven,5000,eleven,https://twitter.com/mariepastora
Twelve,5000,twelve,https://www.wikipedia.org/
Thirteen,5000,thirteen,https://www.reddit.com/r/dataisbeautiful/
Fourteen,8500,fourteen,https://www.nytimes.com/
Fifteen,4200,fifteen,https://news.ycombinator.com/
Sixteen,4300,sixteen,https://www.lemonde.fr/
Seventeen,5000,seventeen,https://www.bloomberg.com/graphics
Eighteen,9000,eighteen,https://www.washingtonpost.com/
Nineteen,5000,nineteen,https://www.youtube.com/
Twenty,2000,twenty,https://www.google.com/
Twentyone,2000,twentyone,https://www.google.com/
Twentysecond,5000,twentytwo,https://twitter.com/mariepastora
Twentythree,5000,twentythree,https://www.wikipedia.org/
Twentyfour,5000,twentyfour,https://www.reddit.com/r/dataisbeautiful/
Twentyfive,8500,twentyfive,https://www.nytimes.com/
Twentysix,4200,twentysix,https://news.ycombinator.com/
Twentyseven,4300,twentyseven,https://www.lemonde.fr/
Twentyeight,5000,twentyeight,https://www.bloomberg.com/graphics
Twentynine,9000,twentynine,https://www.washingtonpost.com/
Thirty,5000,thirty,https://www.youtube.com/
Thirtyone,5000,thirtyone,https://www.youtube.com/
Thirtytwo,5000,thirtytwo,https://www.youtube.com/
Thirtythree,5000,thirtythree,https://www.youtube.com/
Thirtyfour,4200,thirtyfour,https://news.ycombinator.com/
Thirtyfive,4300,thirtyfive,https://www.lemonde.fr/
Thirtysix,5000,thirtysix,https://www.bloomberg.com/graphics
Thirtyseven,9000,thirtyseven,https://www.washingtonpost.com/
Thirtyeight,5000,thirtyeight,https://www.reddit.com/r/dataisbeautiful/
Thirtynine,2000,thirtynine,https://www.google.com/
Fourty,9000,fourty,https://www.washingtonpost.com/
Fourtyone,5000,fourtyone,https://www.reddit.com/r/dataisbeautiful/
Fourtytwo,2000,fourtytwo,https://www.google.com/
Fourtythree,4200,fourtythree,https://news.ycombinator.com/
Fourtyfour,2000,fourtyfour,https://www.google.com/
Fourtyfive,4300,fourtyfive,https://www.lemonde.fr/
Fourtysix,5000,fourtysix,https://www.bloomberg.com/graphics
Fourtyseven,9000,fourtyseven,https://www.washingtonpost.com/
Fourtyeight,5000,fourtyeight,https://www.reddit.com/r/dataisbeautiful/
Fourtynine,2000,fourtynine,https://www.google.com/
Fifty,4300,fifty,https://www.lemonde.fr/
Fiftyone,2000,fiftyone,https://www.google.com/
Fiftytwo,4300,fiftytwo,https://www.lemonde.fr/
Fiftythree,5000,fiftythree,https://www.bloomberg.com/graphics
Fiftyfour,9000,fiftyfour,https://www.washingtonpost.com/
Fiftyfive,5000,fiftyfive,https://www.reddit.com/r/dataisbeautiful/
Fiftysix,2000,fiftysix,https://www.google.com/
Fiftyseven,4300,fiftyseven,https://www.lemonde.fr/
Fiftyeight,2000,fiftyeight,https://www.google.com/
Fiftynine,4300,fiftynine,https://www.lemonde.fr/
Sixty,2000,sixty,https://www.google.com/
Sixtyone,4300,sixtyone,https://www.lemonde.fr/
Sixtytwo,4300,sixtytwo,https://www.lemonde.fr/
Sixtythree,5000,sixtythree,https://www.bloomberg.com/graphics
Sixtyfour,9000,sixtyfour,https://www.washingtonpost.com/
Sixtyfive,5000,sixtyfive,https://www.reddit.com/r/dataisbeautiful/
Sixtysix,5000,sixtysix,https://www.reddit.com/r/dataisbeautiful/
Sixtyseven,2000,sixtyseven,https://www.google.com/
Sixtyeight,4300,sixtyeight,https://www.lemonde.fr/
Sixtynine,4300,sixtynine,https://www.lemonde.fr/
Seventy,2000,seventy,https://www.google.com/
Seventyone,4300,seventyone,https://www.lemonde.fr/
Seventytwo,4300,seventytwo,https://www.lemonde.fr/
Seventythree,5000,seventythree,https://www.bloomberg.com/graphics
Seventyfour,9000,seventyfour,https://www.washingtonpost.com/
Seventyfive,5000,seventyfive,https://www.reddit.com/r/dataisbeautiful/
Seventysix,2000,seventysix,https://www.google.com/
Seventyseven,4300,seventyseven,https://www.lemonde.fr/
Seventyeight,2000,seventyeight,https://www.google.com/
Seventynine,4300,seventynine,https://www.lemonde.fr/